title,price,image,rating,reviews,url,colours,colour,sizes,size,images,stock_info,timestamp
"SHARP 1T-C24EE6KC2FB 24 Inch Smart TV, HD Ready LED Display with DTS Virtual X, Dolby Digital Audio Decoder, Freeview Play and Wireless Streaming - Black, Energy Class F (Amazon Exclusive)",£155.00,https://m.media-amazon.com/images/I/71g3-jHSC9L._AC_SL1500_.jpg,4.4,3621,https://www.amazon.co.uk/SHARP-1T-C24EE6KC2FB-Freeview-Wireless-Streaming/dp/B0B5HLVSHG?th=1,,,,0,"['https://m.media-amazon.com/images/G/02/HomeCustomProduct/360_icon_73x73v2._CB485971309_SS40_FMpng_RI_.png', 'https://m.media-amazon.com/images/I/41HJuUmZm0L._SL1500_.jpg', 'https://m.media-amazon.com/images/I/31gNMWtsPhL._SL1500_.jpg', 'https://m.media-amazon.com/images/I/11DMKrIgV3L._SL1500_.jpg', 'https://m.media-amazon.com/images/I/31AVvEYiGgL._SL1500_.jpg', 'https://m.media-amazon.com/images/I/31k6EZgYQ4L._SL1500_.jpg', 'https://m.media-amazon.com/images/I/31pU1BRTwBL._SL1500_.jpg']",In stock,2023-09-21T17:05:27Z
"LG L172WT - FLATRON - HD Ready LCD TV - TFT - 17"" - colour",,https://m.media-amazon.com/images/I/21JFmVrZLoL._AC_.jpg,5,1,https://www.amazon.co.uk/LG-L172WT-FLATRON-Ready-colour/dp/B00066I9J2?th=1,,silver,,0,"['https://m.media-amazon.com/images/G/02/HomeCustomProduct/360_icon_73x73v2._CB485971309_SS40_FMpng_RI_.png', 'https://m.media-amazon.com/images/I/21JFmVrZLoL._SL1500_.jpg']",,2023-09-21T17:05:27Z
LG RZ23LZ40 23ins LCD TV,£879.93,https://m.media-amazon.com/images/I/51hNT4pkW3L._AC_SL1000_.jpg,,0,https://www.amazon.co.uk/LG-RZ23LZ40-23ins-LCD-TV/dp/B0006FIQYG?th=1,,,,0,"['https://m.media-amazon.com/images/G/02/HomeCustomProduct/360_icon_73x73v2._CB485971309_SS40_FMpng_RI_.png', 'https://m.media-amazon.com/images/I/31virLsb1DL._SL1500_.jpg']",Temporarily out of stock.,2023-09-21T17:05:28Z
LG RZ26LZ50 26ins LCD TV,£970.72,https://m.media-amazon.com/images/I/411U8H3cVbL._AC_SL1000_.jpg,,0,https://www.amazon.co.uk/LG-RZ26LZ50-26ins-LCD-TV/dp/B0006FIQZK?th=1,,,,0,"['https://m.media-amazon.com/images/G/02/HomeCustomProduct/360_icon_73x73v2._CB485971309_SS40_FMpng_RI_.png', 'https://m.media-amazon.com/images/I/311uDtGszEL._SL1500_.jpg']",Temporarily out of stock.,2023-09-21T17:06:02Z
LG L 193 ST Projection Television,£246.57,https://m.media-amazon.com/images/I/31gSbyGMiRL._AC_.jpg,,0,https://www.amazon.co.uk/LG-193-ST-Projection-Television/dp/B0006GAHWO?th=1,,Silver,,0,"['https://m.media-amazon.com/images/G/02/HomeCustomProduct/360_icon_73x73v2._CB485971309_SS40_FMpng_RI_.png', 'https://m.media-amazon.com/images/I/31gSbyGMiRL._SL1500_.jpg']",Temporarily out of stock.,2023-09-21T17:06:39Z
"LG RZ20LA90 20"" LCD TV",£454.54,https://m.media-amazon.com/images/I/51Jebd3h9aL._AC_SL1000_.jpg,,0,https://www.amazon.co.uk/LG-RZ20LA90-20-LCD-TV/dp/B0006U22GO?th=1,,Black,,0,"['https://m.media-amazon.com/images/G/02/HomeCustomProduct/360_icon_73x73v2._CB485971309_SS40_FMpng_RI_.png', 'https://m.media-amazon.com/images/I/419BUznklVL._SL1500_.jpg']",Temporarily out of stock.,2023-09-21T17:06:39Z
LG M1710A-BZ Projection Television,£256.89,https://m.media-amazon.com/images/I/21AHE85A19L._AC_.jpg,,0,https://www.amazon.co.uk/LG-Electronics-M1710A-BZ-Projection-Television/dp/B000ANH1H2?th=1,,Black,,0,"['https://m.media-amazon.com/images/G/02/HomeCustomProduct/360_icon_73x73v2._CB485971309_SS40_FMpng_RI_.png', 'https://m.media-amazon.com/images/I/21AHE85A19L._SL1500_.jpg']",Usually dispatched with,2023-09-21T17:06:39Z
19In Tft 1024X768 75Hz,,https://m.media-amazon.com/images/I/518SN4HVVVL._AC_.jpg,,0,https://www.amazon.co.uk/LG-Electronics-M1917A-BZ-19In-1024X768/dp/B000EQGS24?th=1,,,,0,"['https://m.media-amazon.com/images/G/02/HomeCustomProduct/360_icon_73x73v2._CB485971309_SS40_FMpng_RI_.png', 'https://m.media-amazon.com/images/I/518SN4HVVVL._SL1500_.jpg']",,2023-09-21T17:07:08Z
LG M203WA Projection Television,£335.97,https://m.media-amazon.com/images/I/11u9NOtS2mL._AC_.jpg,,0,https://www.amazon.co.uk/LG-Electronics-M203WA-Projection-Television/dp/B000KC8OH4?th=1,,Black,,0,"['https://m.media-amazon.com/images/G/02/HomeCustomProduct/360_icon_73x73v2._CB485971309_SS40_FMpng_RI_.png', 'https://m.media-amazon.com/images/I/11u9NOtS2mL._SL1500_.jpg']",Temporarily out of stock.,2023-09-21T17:07:08Z
LG 22LU4000 22-inch Widescreen HD Ready LCD TV with Freeview - Black,,https://m.media-amazon.com/images/I/71J5m4swrEL._AC_SL1500_.jpg,,0,https://www.amazon.co.uk/LG-22LU4000-22-inch-Widescreen-Freeview/dp/B001UHMTAG?th=1,,white,,0,"['https://m.media-amazon.com/images/G/02/HomeCustomProduct/360_icon_73x73v2._CB485971309_SS40_FMpng_RI_.png', 'https://m.media-amazon.com/images/I/41PwxN6R28L._SL1500_.jpg', 'https://m.media-amazon.com/images/I/318IcpL1baL._SL1500_.jpg', 'https://m.media-amazon.com/images/I/312AOgydZIL._SL1500_.jpg', 'https://m.media-amazon.com/images/I/41UKAXgYysL._SL1500_.jpg']",,2023-09-21T17:07:16Z
"Bundle of SHARP 1T-C24EE6KC2FB 24 Inch Smart HD Ready LED TV in Black with Freeview Play (Amazon Exclusive) + SHARP HT-SB107 2.0 90W Small Wireless Bluetooth Soundbar with Aux-In, USB & HDMI ARC/CEC",,https://m.media-amazon.com/images/I/41dbovBPt3L._AC_SL1000_.jpg,,0,https://www.amazon.co.uk/SHARP-1T-C24EE6KC2FB-Freeview-Exclusive-Bluetooth/dp/B0BV3F84GX?th=1,,Black,,0,"['https://m.media-amazon.com/images/G/02/HomeCustomProduct/360_icon_73x73v2._CB485971309_SS40_FMpng_RI_.png', 'https://m.media-amazon.com/images/I/31r9ePcRbsL._SL1500_.jpg']",,2023-09-21T17:07:37Z
LG 17Z90R-G.AA77G i7 16 I wh W11H 17Z90R-G.AA77G,"£1,902.46",https://m.media-amazon.com/images/I/71QdPWJqcrL._AC_SL1500_.jpg,5,1,https://www.amazon.co.uk/LG-17Z90R-G-AA77G-i7-16-W11H/dp/B0BYSPPG6W?th=1,,,,0,"['https://m.media-amazon.com/images/G/02/HomeCustomProduct/360_icon_73x73v2._CB485971309_SS40_FMpng_RI_.png', 'https://m.media-amazon.com/images/I/41-T9eb7bML._SL1500_.jpg', 'https://m.media-amazon.com/images/I/51WD7R1Y5LL._SL1500_.jpg', 'https://m.media-amazon.com/images/I/417W58TbcJL._SL1500_.jpg', 'https://m.media-amazon.com/images/I/41PWE2flXXL._SL1500_.jpg', 'https://m.media-amazon.com/images/I/51FKxhBnAXL._SL1500_.jpg', 'https://m.media-amazon.com/images/I/51pxYbzA0PL._SL1500_.jpg', 'https://m.media-amazon.com/images/I/41djUljGSBL._SL1500_.jpg']",Only 1 left ,2023-09-21T17:07:37Z
"SHARP 1T-C24EE7KC2FB 24” Inch Smart HD Ready LED TV With DTS Virtual:X, Dolby Digital/Dolby Digital+, 3 HDMI ports, 2 USB ports, Build in WiFi, Netflix, Prime Video, YouTube, Black",,https://m.media-amazon.com/images/I/41VjOmzqYoL._AC_.jpg,,0,https://www.amazon.co.uk/SHARP-1T-C24EE7KC2FB-Smart-Ready-Virtual-Black/dp/B0CHMZ64Q6?th=1,,,,0,"['https://m.media-amazon.com/images/G/02/HomeCustomProduct/360_icon_73x73v2._CB485971309_SS40_FMpng_RI_.png', 'https://m.media-amazon.com/images/I/41VjOmzqYoL._SL1500_.jpg', 'https://m.media-amazon.com/images/I/31rhwIv9XkL._SL1500_.jpg', 'https://m.media-amazon.com/images/I/419rl3Im6GL._SL1500_.jpg', 'https://m.media-amazon.com/images/I/31RjAwr7l4L._SL1500_.jpg', 'https://m.media-amazon.com/images/I/31f6dFkyZBL._SL1500_.jpg', 'https://m.media-amazon.com/images/I/31d+b4iwiBL._SL1500_.jpg', 'https://m.media-amazon.com/images/I/31IlAZnjCaL._SL1500_.jpg']",,2023-09-21T17:07:48Z
"SHARP 24FD6K 24-Inch HD Ready Smart Roku TV™ in Black with Active Motion 200, HDR10 support, Freeview Play, Pre-Installed Apps, 3x HDMI & 1x USB",£170.00,https://m.media-amazon.com/images/I/710LeS5XnSL._AC_SL1500_.jpg,3.8,4,https://www.amazon.co.uk/SHARP-24-Inch-support-Freeview-Pre-Installed/dp/B0C7LJV9Z1?th=1,,,,0,"['https://m.media-amazon.com/images/G/02/HomeCustomProduct/360_icon_73x73v2._CB485971309_SS40_FMpng_RI_.png', 'https://m.media-amazon.com/images/I/418LSh80v6L._SL1500_.jpg', 'https://m.media-amazon.com/images/I/51KLyYY8yBL._SL1500_.jpg', 'https://m.media-amazon.com/images/I/41fm8NtF1GL._SL1500_.jpg', 'https://m.media-amazon.com/images/I/51BoXys0a7L._SL1500_.jpg', 'https://m.media-amazon.com/images/I/41hN-bcibSL._SL1500_.jpg', 'https://m.media-amazon.com/images/I/41PBACQjuXL._SL1500_.jpg', 'https://m.media-amazon.com/images/I/41WELGfhgfL._SL1500_.jpg']",In stock,2023-09-21T17:07:56Z
"EMtronics 24"" Inch LED 720p HD Ready TV Combi with Built-in DVD Player",£144.19,https://m.media-amazon.com/images/I/81HsFTmXfqL._AC_SL1500_.jpg,4.2,81,https://www.amazon.co.uk/EMtronics-Ready-Player-Satellite-Tuner/dp/B08DDFVBB8?th=1,,,,0,"['https://m.media-amazon.com/images/G/02/HomeCustomProduct/360_icon_73x73v2._CB485971309_SS40_FMpng_RI_.png', 'https://m.media-amazon.com/images/I/41rVyK5-E6L._SL1500_.jpg', 'https://m.media-amazon.com/images/I/410QxmKWtwL._SL1500_.jpg', 'https://m.media-amazon.com/images/I/3139ZFRW+DL._SL1500_.jpg', 'https://m.media-amazon.com/images/I/31QoyousHnL._SL1500_.jpg', 'https://m.media-amazon.com/images/I/31a3Lh-lZiL._SL1500_.jpg']",In stock,2023-09-21T17:08:04Z
"SHARP 24BI2KA 24-Inch HD Ready Android TV™ in Black with Active Motion 400, Chromecast, Google Assistant, Freeview Play, DTS Virtual:X, Pre-Installed Apps, 2x HDMI & 2x USB",,https://m.media-amazon.com/images/I/71twfAYtJOL._AC_SL1500_.jpg,3.6,21,https://www.amazon.co.uk/SHARP-24BI2KA-Chromecast-Assistant-Freeview/dp/B09XY3L9S3?th=1,,,,0,"['https://m.media-amazon.com/images/G/02/HomeCustomProduct/360_icon_73x73v2._CB485971309_SS40_FMpng_RI_.png', 'https://m.media-amazon.com/images/I/314fdz8icdL._SL1500_.jpg', 'https://m.media-amazon.com/images/I/41n5-d2NW1L._SL1500_.jpg', 'https://m.media-amazon.com/images/I/11QPh7UN-WL._SL1500_.jpg', 'https://m.media-amazon.com/images/I/21-9cXJatML._SL1500_.jpg', 'https://m.media-amazon.com/images/I/31N51anuRzL._SL1500_.jpg', 'https://m.media-amazon.com/images/I/318-2ow1eIL._SL1500_.jpg', 'https://m.media-amazon.com/images/I/31pHbDzjBWL._SL1500_.jpg']",,2023-09-21T17:08:14Z
"EMtronics 24"" Inch LED 720p HD Ready TV Television with Digital Tuner",£109.99,https://m.media-amazon.com/images/I/71Xr48xhx5L._AC_SL1500_.jpg,4.5,69,https://www.amazon.co.uk/EMtronics-Inch-720p-HDMI-Playback/dp/B08DG5Y7ZS?th=1,,,,0,"['https://m.media-amazon.com/images/G/02/HomeCustomProduct/360_icon_73x73v2._CB485971309_SS40_FMpng_RI_.png', 'https://m.media-amazon.com/images/I/41nlBSxabmL._SL1500_.jpg', 'https://m.media-amazon.com/images/I/31AA6ltQJeL._SL1500_.jpg', 'https://m.media-amazon.com/images/I/318Q2P7izUL._SL1500_.jpg', 'https://m.media-amazon.com/images/I/31QoyousHnL._SL1500_.jpg', 'https://m.media-amazon.com/images/I/318Qxb3vtUL._SL1500_.jpg']",In stock,2023-09-21T17:08:14Z
"Sharp LC-24CHF4011K 24 Inch HD Ready LED TV with Freeview HD, 2 x HDMI, Scart, USB Record and Media Player",£144.99,https://m.media-amazon.com/images/I/71-5ZLjrQML._AC_SL1500_.jpg,4.4,364,https://www.amazon.co.uk/Sharp-LC-24CHF4011EW-inch-LCD-100/dp/B073JBNT1R?th=1,,,,0,"['https://m.media-amazon.com/images/G/02/HomeCustomProduct/360_icon_73x73v2._CB485971309_SS40_FMpng_RI_.png', 'https://m.media-amazon.com/images/I/417uwtoz03L._SL1500_.jpg', 'https://m.media-amazon.com/images/I/41PI4ZTVoxL._SL1500_.jpg', 'https://m.media-amazon.com/images/I/31dMkPeaSML._SL1500_.jpg', 'https://m.media-amazon.com/images/I/31eJGtUNjFL._SL1500_.jpg', 'https://m.media-amazon.com/images/I/21yK7Bi8tiL._SL1500_.jpg']",In stock,2023-09-21T17:08:39Z
"SHARP 1T-C24BC0KR1FB 24 Inch Smart TV, HD Ready LCD Display with DTS Studio Sound, Dolby Digital Audio Decoder, 2 x HDMI, 2 x USB, Freeview Play and Wireless Streaming - Black",£154.97,https://m.media-amazon.com/images/I/81EbR5w1MDL._AC_SX679_.jpg,4.4,3007,https://www.amazon.co.uk/Sharp-1T-C24BC0KR1FB-24BC0K-Freeview-Player/dp/B084CMWD51?th=1,Black ~|~ Rose Gold ~|~ White,Black,24-Inch ~|~ 24-Inch/DVD,0,"['https://m.media-amazon.com/images/G/02/HomeCustomProduct/360_icon_73x73v2._CB485971309_SS40_FMpng_RI_.png', 'https://m.media-amazon.com/images/I/4183aD+PQAL._SL1500_.jpg', 'https://m.media-amazon.com/images/I/41s+hO3tG8L._SL1500_.jpg', 'https://m.media-amazon.com/images/I/21Z611eqkgL._SL1500_.jpg', 'https://m.media-amazon.com/images/I/51AX0reaGdL._SL1500_.jpg', 'https://m.media-amazon.com/images/I/517I+kzjysL._SL1500_.jpg', 'https://m.media-amazon.com/images/I/414Oz+64pFL._SL1500_.jpg', 'https://m.media-amazon.com/images/I/51X3bC+xFeL._SL1500_.jpg']",In stock,2023-09-21T17:08:39Z
SHARP 24EE3K 24 inch Smart LED TV HD Ready Freeview Play,£144.99,https://m.media-amazon.com/images/I/61phDJs67AL._AC_SL1500_.jpg,5,1,https://www.amazon.co.uk/SHARP-24EE3K-Smart-Ready-Freeview/dp/B0BD5WQWG1?th=1,,Black,,0,"['https://m.media-amazon.com/images/G/02/HomeCustomProduct/360_icon_73x73v2._CB485971309_SS40_FMpng_RI_.png', 'https://m.media-amazon.com/images/I/41qcAaZaujL._SL1500_.jpg', 'https://m.media-amazon.com/images/I/41f0bmBk0wL._SL1500_.jpg', 'https://m.media-amazon.com/images/I/31koll20gCL._SL1500_.jpg', 'https://m.media-amazon.com/images/I/31tLRjKehWL._SL1500_.jpg', 'https://m.media-amazon.com/images/I/21DrwbzgJ0L._SL1500_.jpg', 'https://m.media-amazon.com/images/I/41CImK0wVVL._SL1500_.jpg']",Only 7 left ,2023-09-21T17:08:40Z
"SHARP 24FH6KA 24-Inch HD Ready Android TV™ in Black with Active Motion 400, Chromecast, Google Assistant, Freeview Play, DTS Virtual:X, Pre-Installed Apps, 3x HDMI & 2x USB",£170.00,https://m.media-amazon.com/images/I/71FAYRfja-L._AC_SL1500_.jpg,4.1,72,https://www.amazon.co.uk/SHARP-24FH6KA-Chromecast-Assistant-Freeview/dp/B0C5DC18DJ?th=1,,,,0,"['https://m.media-amazon.com/images/G/02/HomeCustomProduct/360_icon_73x73v2._CB485971309_SS40_FMpng_RI_.png', 'https://m.media-amazon.com/images/I/41clFkYjNwL._SL1500_.jpg', 'https://m.media-amazon.com/images/I/41m7ZbvBTJL._SL1500_.jpg', 'https://m.media-amazon.com/images/I/41l3SrRduSL._SL1500_.jpg', 'https://m.media-amazon.com/images/I/31e8QH7bs0L._SL1500_.jpg', 'https://m.media-amazon.com/images/I/51RtocEgcgL._SL1500_.jpg', 'https://m.media-amazon.com/images/I/31encf1UGdL._SL1500_.jpg', 'https://m.media-amazon.com/images/I/411THpYRBML._SL1500_.jpg']",In stock,2023-09-21T17:09:01Z
"Sharp 24EE4KD 24in, 720p, HD Ready Smart TV/DVD Combi",£159.20,https://m.media-amazon.com/images/I/61Sy1ATVaqL._AC_SL1500_.jpg,3.9,53,https://www.amazon.co.uk/SHARP-Sharp-24EE4KD-Ready-Smart/dp/B0BCGYJL5D?th=1,,,,0,"['https://m.media-amazon.com/images/G/02/HomeCustomProduct/360_icon_73x73v2._CB485971309_SS40_FMpng_RI_.png', 'https://m.media-amazon.com/images/I/41zEfs9iv8L._SL1500_.jpg', 'https://m.media-amazon.com/images/I/4178VI1G0+L._SL1500_.jpg', 'https://m.media-amazon.com/images/I/418M98-aoPL._SL1500_.jpg', 'https://m.media-amazon.com/images/I/41PrU92zbML._SL1500_.jpg', 'https://m.media-amazon.com/images/I/31apyp1aKJL._SL1500_.jpg', 'https://m.media-amazon.com/images/I/41jG1bsed3L._SL1500_.jpg', 'https://m.media-amazon.com/images/I/41Fn816dwoL._SL1500_.jpg']",Only 1 left ,2023-09-21T17:09:09Z
"SHARP 1T-C24EE6KC2FBD 24 Inch Smart TV, HD Ready LED Display with DTS Virtual X, Dolby Digital Audio, Built in DVD Player, Freeview Play and Wireless Streaming-Black, Energy Class F (Amazon Exclusive)",£145.02,https://m.media-amazon.com/images/I/71t4-X8vcbL._AC_SL1500_.jpg,4.4,3621,https://www.amazon.co.uk/SHARP-1T-C24EE6KC2FBD-Freeview-Streaming-Black-Exclusive/dp/B0B5HJTXKT?th=1,,,,0,"['https://m.media-amazon.com/images/G/02/HomeCustomProduct/360_icon_73x73v2._CB485971309_SS40_FMpng_RI_.png', 'https://m.media-amazon.com/images/I/41zshrXULNL._SL1500_.jpg', 'https://m.media-amazon.com/images/I/31gNMWtsPhL._SL1500_.jpg', 'https://m.media-amazon.com/images/I/31sMfgB81TL._SL1500_.jpg', 'https://m.media-amazon.com/images/I/317Bg0DIKeL._SL1500_.jpg', 'https://m.media-amazon.com/images/I/41KUsWOQciL._SL1500_.jpg', 'https://m.media-amazon.com/images/I/41gbU3gu2sL._SL1500_.jpg']",Only 1 left ,2023-09-21T17:09:19Z
"SHARP 24” Smart LED TV 12V/24V For Caravan, Motorhome, Boat, Truck, Freeview Play, WiFi Streaming, Freeview HD, Satellite HD, Saorview, Netflix & Prime, HDMI, USB Mains & 12V Included 1T-C24EE2KF2UBM",£178.19,https://m.media-amazon.com/images/I/81-CR90ThJL._AC_SL1500_.jpg,4.5,182,https://www.amazon.co.uk/Motorhome-Freeview-Streaming-Satellite-1T-C24EE2KF2UBM-Black/dp/B0B725YGBP?th=1,,,,0,"['https://m.media-amazon.com/images/G/02/HomeCustomProduct/360_icon_73x73v2._CB485971309_SS40_FMpng_RI_.png', 'https://m.media-amazon.com/images/I/41y2nLrdIQL._SL1500_.jpg', 'https://m.media-amazon.com/images/I/41c6W-Y6SUL._SL1500_.jpg', 'https://m.media-amazon.com/images/I/41MJHDgoLOL._SL1500_.jpg', 'https://m.media-amazon.com/images/I/21HQ9oKNKaL._SL1500_.jpg', 'https://m.media-amazon.com/images/I/31vWtRlzmEL._SL1500_.jpg', 'https://m.media-amazon.com/images/I/41rgU+aqtxL._SL1500_.jpg', 'https://m.media-amazon.com/images/I/61oE4D4oUnL._SL1500_.jpg']",Only 2 left ,2023-09-21T17:09:19Z
